"","faurby_accepted_genus_species","faurby_accepted_rank"
"1","Ailurus_fulgens","species"
"2","Alopecocyon","genus"
"3","Alopecocyon_getti","species"
"4","Alopecocyon_goeriachensis","species"
"5","Alopecocyon_leardi","species"
"6","Alopecocyon_parverratis","species"
"7","Amphictis_aginensis","species"
"8","Amphictis_antiqua","species"
"9","Amphictis_borbonica","species"
"10","Amphictis_cuspida","species"
"11","Amphictis","genus"
"12","Amphictis_lemanensis","species"
"13","Amphictis_prolongata","species"
"14","Amphictis_schlosseri","species"
"15","Amphictis_wintershofensis","species"
"16","Magerictis_imperialensis","species"
"17","Parailurus_anglicus","species"
"18","Parailurus_baikalicus","species"
"19","Parailurus","genus"
"20","Parailurus_hungaricus","species"
"21","Pristinailurus_bristoli","species"
"22","Protursus","genus"
"23","Protursus_simpsoni","species"
"24","Simocyon_batalleri","species"
"25","Simocyon_diaphorus","species"
"26","Simocyon","genus"
"27","Simocyon_hungaricus","species"
"28","Simocyon_marshi","species"
"29","Simocyon_primigenius","species"
"30","Allocyon_loganensis","species"
"31","Amphicticeps_dorog","species"
"32","Amphicticeps_makhchinus","species"
"33","Amphicticeps_shackelfordi","species"
"34","Amphicynodon_brachyrostris","species"
"35","Amphicynodon_cephalogalinus              ","species"
"36","Amphicynodon_chardini ","species"
"37","Amphicynodon_crassirostris              ","species"
"38","Amphicynodon_gracilis","species"
"39","Amphicynodon_leptorhynchus","species"
"40","Amphicynodon","genus"
"41","Amphicynodon_teilhardi","species"
"42","Amphicynodon_typicus","species"
"43","Amphicynodon_velaunus","species"
"44","Drassonax_harpagops","species"
"45","Nothocyon_geismarianus","species"
"46","Pachycynodon_tedfordi","species"
"47","Parictis_dakotensis","species"
"48","Parictis","genus"
"49","Parictis_gilpini","species"
"50","Parictis_major","species"
"51","Parictis_montanus","species"
"52","Parictis_parvus","species"
"53","Parictis_personi","species"
"54","Parictis_primaevus","species"
"55","Adilophontes_brachykolos","species"
"56","Afrocyon_buroletti","species"
"57","Afrocyon","genus"
"58","Afrocyon_ginsburgi","species"
"59","Afrocyon_macrodon","species"
"60","Agnotherium_antiquum","species"
"61","Agnotherium_grivense","species"
"62","Aktaucyon_brachifacialis","species"
"63","Amphicyon_confucianus","species"
"64","Amphicyon_cooperi","species"
"65","Amphicyon_frendens","species"
"66","Amphicyon_galushai","species"
"67","Amphicyon","genus"
"68","Amphicyon_giganteus","species"
"69","Amphicyon_ingens","species"
"70","Amphicyon_lathanicus","species"
"71","Amphicyon_major","species"
"72","Amphicyon_olisiponensis","species"
"73","Amphicyon_palaeindicus","species"
"74","Amphicyon_tairumensis","species"
"75","Amphicyon_ulungurensis","species"
"76","Amphicyonopsis_serus","species"
"77","Angelarctocyon_australis","species"
"78","Askazansoria_mavrini","species"
"79","Bonisicyon_illacabo","species"
"80","Borocyon_neomexicanus","species"
"81","Borocyon_niobrarensis","species"
"82","Borocyon_robustum","species"
"83","Brachyrhynchocyon_dodgei","species"
"84","Brachyrhynchocyon","genus"
"85","Brachyrhynchocyon_intermedius","species"
"86","Brachyrhynchocyon_montanus","species"
"87","Crassidia_intermedia","species"
"88","Cynelos_caroniavorus","species"
"89","Cynelos_crassidens","species"
"90","Cynelos","genus"
"91","Cynelos_helbingi","species"
"92","Cynelos_idoneus","species"
"93","Cynelos_lemanensis","species"
"94","Cynelos_malasi","species"
"95","Cynelos_rugosidens","species"
"96","Cynelos_schlosseri","species"
"97","Cynelos_sinapius","species"
"98","Cynodictis_lacustris","species"
"99","Cynodictis","genus"
"100","Daphoenictis_tedfordi","species"
"101","Daphoenictis","genus"
"102","Daphoenodon_falkenbachi","species"
"103","Daphoenodon","genus"
"104","Daphoenodon_notionastes","species"
"105","Daphoenodon_skinneri","species"
"106","Daphoenodon_superbus","species"
"107","Daphoenus","genus"
"108","Daphoenus_hartshornianus","species"
"109","Daphoenus_lambei","species"
"110","Daphoenus_socialis","species"
"111","Daphoenus_transversus","species"
"112","Daphoenus_vetus","species"
"113","Delete_Delete","species"
"114","Delotrochanter_major","species"
"115","Delotrochanter_oryktes","species"
"116","Delotrochanter_petersoni","species"
"117","Gobicyon","genus"
"118","Gobicyon_macrognathus","species"
"119","Gobicyon_zhegalloi","species"
"120","Goupilictis_minor","species"
"121","Guangxicyon_sinoamericanus","species"
"122","Gustafsonia_cognita","species"
"123","Haplocyon_crucians","species"
"124","Haplocyon_elegans","species"
"125","Haplocyon","genus"
"126","Haplocyonoides_mordax","species"
"127","Haplocyonoides_ponticus","species"
"128","Haplocyonoides_serbiae","species"
"129","Haplocyonoides_suevicus","species"
"130","Haplocyonopsis_crassidens","species"
"131","Harpagophagus_sanguinensis","species"
"132","Hecubides_euryodon","species"
"133","Hecubides","genus"
"134","Hecubides_minor","species"
"135","Ictiocyon_socialis","species"
"136","Ischyrocyon","genus"
"137","Ischyrocyon_gidleyi","species"
"138","Janvierocyon_pontignensis","species"
"139","Maemohcyon_potisati","species"
"140","Magericyon_anceps","species"
"141","Magericyon_castellanus","species"
"142","Mammacyon_ferocior","species"
"143","Mammacyon","genus"
"144","Mammacyon_obtusidens","species"
"145","Myacyon_dojambir","species"
"146","Myacyon_kiptalami","species"
"147","Paradaphoenus_cuspigerus","species"
"148","Paradaphoenus","genus"
"149","Paradaphoenus_minimus","species"
"150","Paradaphoenus_tooheyi","species"
"151","Pliocyon","genus"
"152","Pliocyon_medius","species"
"153","Pliocyon_robustus","species"
"154","Pseudarctos","genus"
"155","Pseudarctos_bavaricus","species"
"156","Pseudocyon_caucasicus","species"
"157","Pseudocyon","genus"
"158","Pseudocyon_sansaniensis","species"
"159","Pseudocyon_steinheimensis","species"
"160","Pseudocyon_styriacus","species"
"161","Pseudocyonopsis_antiquus","species"
"162","Rudiocyon_amplidens","species"
"163","Temnocyon_altigenis","species"
"164","Temnocyon_ferox","species"
"165","Temnocyon_fingeruti","species"
"166","Temnocyon","genus"
"167","Temnocyon_macrogenys","species"
"168","Temnocyon_percussor","species"
"169","Temnocyon_subferox","species"
"170","Thaumastocyon_bourgeoisi","species"
"171","Thaumastocyon_dirus","species"
"172","Vishnucyon_chinjiensis","species"
"173","Ysengrinia_americana","species"
"174","Ysengrinia_depereti","species"
"175","Ysengrinia","genus"
"176","Ysengrinia_gerandiana","species"
"177","Ysengrinia_tolosana","species"
"178","Ysengrinia_valentiana","species"
"179","Afrosmilus_africanus","species"
"180","Afrosmilus_hispanicus","species"
"181","Afrosmilus_turkanae","species"
"182","Albanosmilus_jourdani","species"
"183","Albanosmilus_whitfordi","species"
"184","Barbourofelis_fricki","species"
"185","Barbourofelis","genus"
"186","Barbourofelis_loveorum","species"
"187","Barbourofelis_morrisi","species"
"188","Barbourofelis_piveteaui","species"
"189","Ginsburgsmilus_napakensis","species"
"190","Prosansanosmilus_eggeri","species"
"191","Prosansanosmilus","genus"
"192","Prosansanosmilus_peregrinus","species"
"193","Sansanosmilus_palmidens","species"
"194","Sansanosmilus","genus"
"195","Syrtosmilus_syrtensis","species"
"196","Vampyrictis_vipera","species"
"197","Kolponomos_clallamensis","species"
"198","Kolponomos","genus"
"199","Kolponomos_newportensis","species"
"200","Necromites_nestoris","species"
"201","Potamotherium_miocenicum","species"
"202","Potamotherium","genus"
"203","Potamotherium_valletoni","species"
"204","Puijila_darwini","species"
"205","Semantor_macrurus","species"
"206","Aelurodon_asthenostylus","species"
"207","Aelurodon_ferox","species"
"208","Aelurodon","genus"
"209","Aelurodon_mcgrewi","species"
"210","Aelurodon_montanensis","species"
"211","Aelurodon_stirtoni","species"
"212","Aelurodon_taxoides","species"
"213","Archaeocyon_falkenbachi","species"
"214","Archaeocyon_leptodus","species"
"215","Archaeocyon_pavidus","species"
"216","Borophagus_diversidens","species"
"217","Borophagus_dudleyi","species"
"218","Borophagus","genus"
"219","Borophagus_hilli","species"
"220","Borophagus_littoralis","species"
"221","Borophagus_orc","species"
"222","Borophagus_parvus","species"
"223","Borophagus_pugnator","species"
"224","Borophagus_secundus","species"
"225","Caedocyon_tedfordi","species"
"226","Canis_adustus","species"
"227","Canis_armbrusteri","species"
"228","Canis_arnensis","species"
"229","Canis_aureus","species"
"230","Canis_brevirostris","species"
"231","Canis_cautleyi","species"
"232","Canis_cedazoensis","species"
"233","Canis_dirus","species"
"234","Canis","genus"
"235","Canis_edwardii","species"
"236","Canis_etruscus","species"
"237","Canis_ferox","species"
"238","Canis_latrans","species"
"239","Canis_lepophagus","species"
"240","Canis_longdanensis","species"
"241","Canis_lupus","species"
"242","Canis_mesomelas","species"
"243","Canis_pinjorensis","species"
"244","Canis_rufus","species"
"245","Canis_teilhardi","species"
"246","Canis_thooides","species"
"247","Carpocyon_compressus","species"
"248","Carpocyon","genus"
"249","Carpocyon_limosus","species"
"250","Carpocyon_robustus","species"
"251","Carpocyon_webbi","species"
"252","Cerdocyon_avius","species"
"253","Cerdocyon","genus"
"254","Cerdocyon_texanus","species"
"255","Cerdocyon_thous","species"
"256","Chrysocyon_brachyurus","species"
"257","Chrysocyon","genus"
"258","Chrysocyon_nearcticus","species"
"259","Cormocyon_copei","species"
"260","Cormocyon","genus"
"261","Cormocyon_haydeni","species"
"262","Cuon_alpinus","species"
"263","Cuon","genus"
"264","Cynarctoides_acridens","species"
"265","Cynarctoides_emryi","species"
"266","Cynarctoides_gawnae","species"
"267","Cynarctoides","genus"
"268","Cynarctoides_harlowi","species"
"269","Cynarctoides_lemur","species"
"270","Cynarctoides_luskensis","species"
"271","Cynarctoides_whistleri","species"
"272","Cynarctus_crucidens","species"
"273","Cynarctus_galushai","species"
"274","Cynarctus","genus"
"275","Cynarctus_marylandica","species"
"276","Cynarctus_saxatilis","species"
"277","Cynarctus_voorhiesi","species"
"278","Cynarctus_wangi","species"
"279","Cynodesmus_martini","species"
"280","Cynodesmus_thooides","species"
"281","Cynotherium","genus"
"282","Cynotherium_sardous","species"
"283","Delete","genus"
"284","Desmocyon","genus"
"285","Desmocyon_matthewi","species"
"286","Desmocyon_thomsoni","species"
"287","Dusicyon","genus"
"288","Dusicyon_avus","species"
"289","Ectopocynus_antiquus","species"
"290","Ectopocynus_intermedius","species"
"291","Ectopocynus_simplicidens","species"
"292","Enhydrocyon_basilatus","species"
"293","Enhydrocyon_crassidens","species"
"294","Enhydrocyon","genus"
"295","Enhydrocyon_pahinsintewakpa","species"
"296","Enhydrocyon_stenocephalus","species"
"297","Epicyon_aelurodontoides","species"
"298","Epicyon","genus"
"299","Epicyon_haydeni","species"
"300","Epicyon_saevus","species"
"301","Eucyon_adoxus","species"
"302","Eucyon_cipio","species"
"303","Eucyon_davisi","species"
"304","Eucyon_debonisi","species"
"305","Eucyon","genus"
"306","Eucyon_kuruksaiensis","species"
"307","Eucyon_michauxi","species"
"308","Eucyon_minor","species"
"309","Eucyon_monticinensis","species"
"310","Eucyon_odessanus","species"
"311","Eucyon_skinneri","species"
"312","Eucyon_zhoui","species"
"313","Euoplocyon_brachygnathus","species"
"314","Euoplocyon","genus"
"315","Euoplocyon_spissidens","species"
"316","Hesperocyon_coloradensis","species"
"317","Hesperocyon","genus"
"318","Hesperocyon_gregarius","species"
"319","Leptocyon_delicatus","species"
"320","Leptocyon_douglassi","species"
"321","Leptocyon","genus"
"322","Leptocyon_gregorii","species"
"323","Leptocyon_leidyi","species"
"324","Leptocyon_matthewi","species"
"325","Leptocyon_mollis","species"
"326","Leptocyon_tejonensis","species"
"327","Leptocyon_vafer","species"
"328","Leptocyon_vulpinus","species"
"329","Lycalopex_culpaeus","species"
"330","Lycalopex_gymnocercus","species"
"331","Lycalopex_sechurae","species"
"332","Lycaon","genus"
"333","Lycaon_pictus","species"
"334","Mececyon_trinilensis","species"
"335","Mesocyon_brachyops","species"
"336","Mesocyon_coryphaeus","species"
"337","Mesocyon","genus"
"338","Mesocyon_temnodon","species"
"339","Metalopex_bakeri","species"
"340","Metalopex_macconnelli","species"
"341","Metalopex_merriami","species"
"342","Metatomarctus","genus"
"343","Metatomarctus_canavus","species"
"344","Microtomarctus_conferta","species"
"345","Nyctereutes_abdeslami","species"
"346","Nyctereutes_barryi","species"
"347","Nyctereutes_donnezani","species"
"348","Nyctereutes","genus"
"349","Nyctereutes_lockwoodi","species"
"350","Nyctereutes_megamastoides","species"
"351","Nyctereutes_procyonoides","species"
"352","Nyctereutes_sinensis","species"
"353","Nyctereutes_terblanchei","species"
"354","Nyctereutes_tingi","species"
"355","Osbornodon_brachypus","species"
"356","Osbornodon_fricki","species"
"357","Osbornodon_iamonensis","species"
"358","Osbornodon_renjiei","species"
"359","Osbornodon_scitulus","species"
"360","Osbornodon_sesnoni","species"
"361","Osbornodon_wangi","species"
"362","Otarocyon_cooki","species"
"363","Otarocyon_macdonaldi","species"
"364","Otocyon","genus"
"365","Otocyon_megalotis","species"
"366","Otocyon_recki","species"
"367","Oxetocyon_cuspidatus","species"
"368","Oxetocyon","genus"
"369","Paracynarctus_kelloggi","species"
"370","Paracynarctus_sinclairi","species"
"371","Paraenhydrocyon_josephi","species"
"372","Paraenhydrocyon_robustus","species"
"373","Paraenhydrocyon_wallovianus","species"
"374","Paratomarctus_euthos","species"
"375","Paratomarctus_temerarius","species"
"376","Philotrox_condoni","species"
"377","Phlaocyon_achoros","species"
"378","Phlaocyon_annectens","species"
"379","Phlaocyon","genus"
"380","Phlaocyon_latidens","species"
"381","Phlaocyon_leucosteus","species"
"382","Phlaocyon_mariae","species"
"383","Phlaocyon_marslandensis","species"
"384","Phlaocyon_minor","species"
"385","Phlaocyon_multicuspus","species"
"386","Phlaocyon_taylori","species"
"387","Phlaocyon_yatkolai","species"
"388","Protepicyon_raki","species"
"389","Protocyon_troglodytes","species"
"390","Protocyon","genus"
"391","Protomarctus_optatus","species"
"392","Prototocyon_curvipalatus","species"
"393","Psalidocyon_marianae","species"
"394","Rhizocyon_oregonensis","species"
"395","Sunkahetanka_geringensis","species"
"396","Tephrocyon_rurestris","species"
"397","Theriodictis_floriadanus","species"
"398","Theriodictis_proplatensis","species"
"399","Theriodictis","genus"
"400","Theriodictis_tarijensis","species"
"401","Tomarctus_brevirostris","species"
"402","Tomarctus","genus"
"403","Tomarctus_hippophaga","species"
"404","Urocyon_cinereoargenteus","species"
"405","Urocyon_citrinus","species"
"406","Urocyon_galushai","species"
"407","Urocyon","genus"
"408","Urocyon_minicephalus","species"
"409","Urocyon_progressus","species"
"410","Urocyon_webbi","species"
"411","Vulpes_angustidens","species"
"412","Vulpes_beihaiensis","species"
"413","Vulpes_chama","species"
"414","Vulpes_chikushanensis","species"
"415","Vulpes_corsac","species"
"416","Vulpes_galaticus","species"
"417","Vulpes","genus"
"418","Vulpes_kernensis","species"
"419","Vulpes_lagopus","species"
"420","Vulpes_mathisoni","species"
"421","Vulpes_pattersoni","species"
"422","Vulpes_praecorsac","species"
"423","Vulpes_praeglacialis","species"
"424","Vulpes_pulcher","species"
"425","Vulpes_riffautae","species"
"426","Vulpes_rueppellii","species"
"427","Vulpes_skinneri","species"
"428","Vulpes_stenognathus","species"
"429","Vulpes_velox","species"
"430","Vulpes_vulpes","species"
"431","Xenocyon_atrox","species"
"432","Xenocyon_dubius","species"
"433","Xenocyon_falconeri","species"
"434","Xenocyon","genus"
"435","Xenocyon_lycaonoides","species"
"436","Xenocyon_texanus","species"
"437","Allodesmus","genus"
"438","Allodesmus_gracilis","species"
"439","Allodesmus_kelloggi","species"
"440","Allodesmus_kernensis","species"
"441","Allodesmus_megallos","species"
"442","Allodesmus_naorai","species"
"443","Allodesmus_sadoensis","species"
"444","Atopotarus_courseni","species"
"445","Atopotarus","genus"
"446","Desmatophoca_brachycephala","species"
"447","Desmatophoca","genus"
"448","Desmatophoca_oregonensis","species"
"449","Megagomphos_sinanoensis","species"
"450","Enaliarctos_barnesi","species"
"451","Enaliarctos_emlongi","species"
"452","Enaliarctos_mealsi","species"
"453","Enaliarctos_mitchelli","species"
"454","Enaliarctos_tedfordi","species"
"455","Pacificotaria_hadromma","species"
"456","Pteronarctos_goedertae","species"
"457","Pteronarctos_piersoni","species"
"458","Cryptoprocta_ferox","species"
"459","Cryptoprocta_spelea","species"
"460","Fossa_fossana","species"
"461","Galidia_elegans","species"
"462","Galidictis_grandidieri","species"
"463","Mungotictis_decemlineata","species"
"464","Acinonyx","genus"
"465","Acinonyx_jubatus","species"
"466","Acinonyx_pardinensis","species"
"467","Adelphailurus_kansensis","species"
"468","Adelphailurus","genus"
"469","Amphimachairodus_coloradensis","species"
"470","Amphimachairodus","genus"
"471","Amphimachairodus_giganteus","species"
"472","Amphimachairodus_kabir","species"
"473","Amphimachairodus_kurteni","species"
"474","Asilifelis_coteae","species"
"475","Caracal_caracal","species"
"476","Caracal","genus"
"477","Catopuma_temminckii","species"
"478","Diamantofelis_ferox","species"
"479","Dinofelis_aronoki","species"
"480","Dinofelis_barlowi","species"
"481","Dinofelis_cristata","species"
"482","Dinofelis","genus"
"483","Dinofelis_diastemata","species"
"484","Dinofelis_palaeoonca","species"
"485","Dinofelis_petteri","species"
"486","Dinofelis_piveteaui","species"
"487","Felis_chaus","species"
"488","Felis_christoli","species"
"489","Felis","genus"
"490","Felis_lunensis","species"
"491","Felis_nigripes","species"
"492","Felis_silvestris","species"
"493","Felis_teilhardi","species"
"494","Felis_wenzensis","species"
"495","Fortunictis","genus"
"496","Fortunictis_acerensis","species"
"497","Herpailurus_yagouaroundi","species"
"498","Homotherium","genus"
"499","Homotherium_ischyrus","species"
"500","Homotherium_latidens","species"
"501","Homotherium_serum","species"
"502","Hyperailurictis_aeluroides","species"
"503","Hyperailurictis","genus"
"504","Hyperailurictis_intrepidus","species"
"505","Hyperailurictis_marshi","species"
"506","Hyperailurictis_skinneri","species"
"507","Hyperailurictis_stouti","species"
"508","Hyperailurictis_validus","species"
"509","Leopardus_amnicola","species"
"510","Leopardus_colocolo","species"
"511","Leopardus","genus"
"512","Leopardus_pardalis","species"
"513","Leopardus_tigrinus","species"
"514","Leopardus_vorohuensis","species"
"515","Leptailurus_serval","species"
"516","Leptailurus","genus"
"517","Lokotunjailurus_emageritus","species"
"518","Lynx_canadensis","species"
"519","Lynx","genus"
"520","Lynx_issiodorensis","species"
"521","Lynx_longignathus","species"
"522","Lynx_lynx","species"
"523","Lynx_pardinus","species"
"524","Lynx_proterolyncis","species"
"525","Lynx_rufus","species"
"526","Lynx_thomasi","species"
"527","Machairodus","genus"
"528","Machairodus_aphanistus","species"
"529","Machairodus_robinsoni","species"
"530","Machairodus_tanneri","species"
"531","Megantereon_cultridens","species"
"532","Megantereon_falconeri","species"
"533","Megantereon","genus"
"534","Megantereon_hesperus","species"
"535","Megantereon_nihowanensis","species"
"536","Megantereon_whitei","species"
"537","Metailurus","genus"
"538","Metailurus_hengduanshanensis","species"
"539","Metailurus_major","species"
"540","Metailurus_mongoliensis","species"
"541","Metailurus_obscurus ","species"
"542","Metailurus_parvulus","species"
"543","Miomachairodus_pseudailuroides","species"
"544","Miracinonyx","genus"
"545","Miracinonyx_inexpectatus","species"
"546","Miracinonyx_trumani","species"
"547","Namafelis_minor","species"
"548","Neofelis_nebulosa","species"
"549","Nimravides_catacopsis","species"
"550","Nimravides","genus"
"551","Nimravides_pedionomus","species"
"552","Nimravides_thinobates","species"
"553","Panthera_atrox","species"
"554","Panthera_blytheae","species"
"555","Panthera","genus"
"556","Panthera_gombaszoegensis","species"
"557","Panthera_leo","species"
"558","Panthera_onca","species"
"559","Panthera_palaeosinensis","species"
"560","Panthera_pamiri","species"
"561","Panthera_pardus","species"
"562","Panthera_spelaea","species"
"563","Panthera_tigris","species"
"564","Paramachaerodus","genus"
"565","Paramachaerodus_maximiliani","species"
"566","Paramachaerodus_orientalis","species"
"567","Pratifelis_martini","species"
"568","Prionailurus_bengalensis","species"
"569","Prionailurus_rubiginosus","species"
"570","Pristifelis_attica","species"
"571","Proailurus_bournonnensis","species"
"572","Proailurus","genus"
"573","Proailurus_lemanensis","species"
"574","Proailurus_major","species"
"575","Promegantereon_ogygia","species"
"576","Pseudaelurus_cuspidatus","species"
"577","Pseudaelurus","genus"
"578","Pseudaelurus_guangheensis","species"
"579","Pseudaelurus_quadridentatus","species"
"580","Pseudaelurus_romieviensis","species"
"581","Pseudaelurus_transitorius","species"
"582","Puma_concolor","species"
"583","Puma","genus"
"584","Puma_lacustris","species"
"585","Puma_pardoides","species"
"586","Rhizosmilodon_fiteae","species"
"587","Rhizosmilodon","genus"
"588","Smilodon_fatalis","species"
"589","Smilodon","genus"
"590","Smilodon_gracilis","species"
"591","Smilodon_populator","species"
"592","Stenailurus_teilhardi","species"
"593","Styriofelis_lorteti","species"
"594","Styriofelis_turnauensis","species"
"595","Styriofelis_vallesiensis","species"
"596","Xenosmilus_hodsonae","species"
"597","Xenosmilus","genus"
"598","Yoshi_garevskii","species"
"599","Atilax","genus"
"600","Atilax_mesotes","species"
"601","Atilax_paludinosus","species"
"602","Crossarchus_transvalensis","species"
"603","Crossarchus","genus"
"604","Cynictis_penicillata","species"
"605","Cynictis","genus"
"606","Helogale","genus"
"607","Helogale_hirtula","species"
"608","Helogale_kitafe","species"
"609","Helogale_palaeogracilis","species"
"610","Herpestes_abdelalii","species"
"611","Herpestes_alaylaii","species"
"612","Herpestes_cadeoti","species"
"613","Herpestes_debilis","species"
"614","Herpestes_dissimilis","species"
"615","Herpestes","genus"
"616","Herpestes_ichneumon","species"
"617","Herpestes_palaeoserengetensis","species"
"618","Herpestes_pulverulentus","species"
"619","Herpestes_sanguineus","species"
"620","Herpestes_urva","species"
"621","Herpestides_aegypticus","species"
"622","Herpestides_aequatorialis","species"
"623","Herpestides_afarensis","species"
"624","Herpestides_antiquus","species"
"625","Herpestides_compactus","species"
"626","Herpestides","genus"
"627","Ichneumia_albicauda","species"
"628","Ichneumia_nims","species"
"629","Leptoplesictis_atavus","species"
"630","Leptoplesictis_aurelianensis","species"
"631","Leptoplesictis_filholi","species"
"632","Leptoplesictis_mbitensis","species"
"633","Leptoplesictis_namibiensis","species"
"634","Leptoplesictis_rangwai","species"
"635","Leptoplesictis_senutae","species"
"636","Mungos_dietrichi","species"
"637","Mungos","genus"
"638","Mungos_minutus","species"
"639","Suricata","genus"
"640","Suricata_major","species"
"641","Suricata_suricatta","species"
"642","Acarictis_ryani","species"
"643","Akhnatenavus_leptognathus","species"
"644","Akhnatenavus_nefertiticyon","species"
"645","Alienetherium_buxwilleri","species"
"646","Allopterodon_bulbosus","species"
"647","Allopterodon","genus"
"648","Allopterodon_minor","species"
"649","Allopterodon_torvidus","species"
"650","Altacreodus  _magnus","species"
"651","Anasinopa","genus"
"652","Anasinopa_hassi","species"
"653","Anasinopa_leakeyi","species"
"654","Apterodon_altidens","species"
"655","Apterodon_gaudryi","species"
"656","Apterodon","genus"
"657","Apterodon_intermedius","species"
"658","Apterodon_langebadreae","species"
"659","Apterodon_macrognathus","species"
"660","Apterodon_saghensis","species"
"661","Arfia","genus"
"662","Arfia_gingerichi","species"
"663","Arfia_junnei","species"
"664","Arfia_langebadreae","species"
"665","Arfia_opisthotoma","species"
"666","Arfia_shoshoniensis","species"
"667","Arfia_zele","species"
"668","Boritia_duffaudi","species"
"669","Boualitomus_marocanensis","species"
"670","Brychotherium_ephalmos","species"
"671","Brychotherium_ethiopicus","species"
"672","Buhakia_mogharensis","species"
"673","Cynohyaenodon_cailuxy","species"
"674","Cynohyaenodon","genus"
"675","Cynohyaenodon_lautricensis ","species"
"676","Cynohyaenodon_trux","species"
"677","Cynohyaenodon _ruetimeyeri","species"
"678","Dissopsalis_carnifex","species"
"679","Dissopsalis","genus"
"680","Dissopsalis_pyroclasticus","species"
"681","Eoproviverra_eisenmanni","species"
"682","Eurotherium_matthesi","species"
"683","Eurotherium_theriodis","species"
"684","Furodon_crocheti","species"
"685","Galecyon_chronius","species"
"686","Galecyon_gallus","species"
"687","Galecyon_mordax","species"
"688","Galecyon_morloi","species"
"689","Galecyon_peregrinus","species"
"690","Gazinocyon_vulpeculus","species"
"691","Glibzegdouia_tabelbalaensis","species"
"692","Hemipsalodon","genus"
"693","Hemipsalodon_grandis","species"
"694","Hemipsalodon_viejaensis","species"
"695","Hyaenodon_brachyrhynchus","species"
"696","Hyaenodon_brevirostris","species"
"697","Hyaenodon_chunkhtensis","species"
"698","Hyaenodon_crucians","species"
"699","Hyaenodon_dubius","species"
"700","Hyaenodon_eminus","species"
"701","Hyaenodon_filholi","species"
"702","Hyaenodon","genus"
"703","Hyaenodon_gervaisi","species"
"704","Hyaenodon_gigas","species"
"705","Hyaenodon_horridus","species"
"706","Hyaenodon_incertus","species"
"707","Hyaenodon_leptorhynchus","species"
"708","Hyaenodon_megaloides","species"
"709","Hyaenodon_microdon","species"
"710","Hyaenodon_mongoliensis","species"
"711","Hyaenodon_montanus","species"
"712","Hyaenodon_mustelinus","species"
"713","Hyaenodon_pervagus","species"
"714","Hyaenodon_raineyi","species"
"715","Hyaenodon_rossignoli","species"
"716","Hyaenodon_venturae","species"
"717","Hyaenodon_vetus","species"
"718","Hyaenodon_weilini","species"
"719","Hyaenodon_yuanchuensis","species"
"720","Hyainailouros_bugtiensis","species"
"721","Hyainailouros","genus"
"722","Hyainailouros_nyanzae","species"
"723","Hyainailouros_sulzeri","species"
"724","Indohyaenodon_raoi","species"
"725","Iridodon_datzae","species"
"726","Ischnognathus_savagei","species"
"727","Isohyaenodon_andrewsi","species"
"728","Isohyaenodon","genus"
"729","Isohyaenodon_pilgrimi","species"
"730","Isohyaenodon_zadoki","species"
"731","Isphanatherium_ferganensis","species"
"732","Kerberos_langebadreae","species"
"733","Koholia_atlasense","species"
"734","Kyawdawia_lupina","species"
"735","Lahimia_selloumi","species"
"736","Leakeytherium_hiwegi","species"
"737","Leakeytherium","genus"
"738","Leonhardtina_godinoti","species"
"739","Leonhardtina_gracilis","species"
"740","Lesmesodon_behnkeae","species"
"741","Lesmesodon_edingeri","species"
"742","Limnocyon_cuspidens","species"
"743","Limnocyon","genus"
"744","Limnocyon_potens","species"
"745","Limnocyon_verus","species"
"746","Masrasector_aegypticum","species"
"747","Masrasector","genus"
"748","Masrasector_ligabuei","species"
"749","Matthodon_menui","species"
"750","Matthodon_tritens","species"
"751","Megistotherium_osteothlastes","species"
"752","Metapterodon_brachycephalus","species"
"753","Metapterodon","genus"
"754","Metapterodon_kaiseri","species"
"755","Metapterodon_schlosseri","species"
"756","Metapterodon_stromeri","species"
"757","Metasinopa","genus"
"758","Metasinopa_napaki","species"
"759","Minimovellentodon_russelli","species"
"760","Mlanyama_sugu","species"
"761","Morlodon_vellerei","species"
"762","Neoparapterodon_rechetovi","species"
"763","Orienspterodon_dahkoensis","species"
"764","Oxyaenodon_dysodus","species"
"765","Oxyaenoides_bicuspidens","species"
"766","Oxyaenoides_lindgreni","species"
"767","Oxyaenoides_schlosseri","species"
"768","Paenoxyaenoides_liguritor","species"
"769","Paracynohyaenodon_magnus","species"
"770","Paracynohyaenodon_schlosseri","species"
"771","Parapterodon_lostangensis","species"
"772","Paratritemnodon_indicus","species"
"773","Paratritemnodon_jandewalensis","species"
"774","Paroxyaena_galliae","species"
"775","Paroxyaena_pavlovi","species"
"776","Parvagula_palulae","species"
"777","Parvavorodon_gheerbranti","species"
"778","Praecodens_acutus","species"
"779","Preregidens_langebadrae","species"
"780","Prodissopsalis_eocaenicus","species"
"781","Prolimnocyon_antiquus","species"
"782","Prolimnocyon_atavus","species"
"783","Prolimnocyon_chowi","species"
"784","Prolimnocyon_eerius","species"
"785","Prolimnocyon_elisabethae","species"
"786","Prolimnocyon","genus"
"787","Prolimnocyon_haematus","species"
"788","Prolimnocyon_iudei","species"
"789","Propterodon","genus"
"790","Propterodon_morrisi","species"
"791","Propterodon_pishigouensis","species"
"792","Propterodon_tongi","species"
"793","Protoproviverra_palaeonictides","species"
"794","Prototomus_deimos","species"
"795","Prototomus","genus"
"796","Prototomus_girardoti","species"
"797","Prototomus_martis","species"
"798","Prototomus_minimus","species"
"799","Prototomus_phobos","species"
"800","Prototomus_robustus","species"
"801","Prototomus_secundarius","species"
"802","Prototomus_viverrinus","species"
"803","Proviverra","genus"
"804","Proviverra_typica","species"
"805","Proviverroides_piercei","species"
"806","Proviverroides","genus"
"807","Pterodon_africanus","species"
"808","Pterodon_dasyuroides","species"
"809","Pterodon","genus"
"810","Pterodon_hyaenoides","species"
"811","Pterodon_phiomensis","species"
"812","Pterodon_syrtos","species"
"813","Pyrocyon_dioctetus","species"
"814","Quasiapterodon_minutus","species"
"815","Quercytherium_simplicidens","species"
"816","Quercytherium_tenebrosum","species"
"817","Sinopa","genus"
"818","Sinopa_jilinia","species"
"819","Sinopa_major","species"
"820","Sinopa_minor","species"
"821","Sinopa_pungens","species"
"822","Sinopa_rapax","species"
"823","Sivapterodon_lahirii","species"
"824","Teratodon_enigmae","species"
"825","Teratodon","genus"
"826","Teratodon_spekei","species"
"827","Thereutherium_thylacodes","species"
"828","Thinocyon_comptus","species"
"829","Thinocyon","genus"
"830","Thinocyon_medius","species"
"831","Thinocyon_sichowensis","species"
"832","Thinocyon_velox","species"
"833","Tinerhodon_disputatus","species"
"834","Tritemnodon_agilis","species"
"835","Tritemnodon","genus"
"836","Tritemnodon_strenuus","species"
"837","Yarshea_cruenta","species"
"838","Adcrocuta_eximia","species"
"839","Adcrocuta","genus"
"840","Allohyaena_kadici","species"
"841","Belbus_beaumonti","species"
"842","Belbus_djurabensis","species"
"843","Chasmaporthetes_australis","species"
"844","Chasmaporthetes_bonisi","species"
"845","Chasmaporthetes_borissiaki","species"
"846","Chasmaporthetes_exitelus","species"
"847","Chasmaporthetes","genus"
"848","Chasmaporthetes_lunensis","species"
"849","Chasmaporthetes_melei","species"
"850","Chasmaporthetes_nitidula","species"
"851","Chasmaporthetes_ossifragus","species"
"852","Crocuta_crocuta","species"
"853","Crocuta","genus"
"854","Crocuta_eturono","species"
"855","Hyaena_abronia","species"
"856","Hyaena","genus"
"857","Hyaena_hyaena","species"
"858","Hyaenictis_almerai","species"
"859","Hyaenictis","genus"
"860","Hyaenictis_graeca","species"
"861","Hyaenictis_hendeyi","species"
"862","Hyaenictis_preforfex","species"
"863","Hyaenictis_wehaietu","species"
"864","Hyaenictitherium","genus"
"865","Hyaenictitherium_hyaenoides","species"
"866","Hyaenictitherium_minimum","species"
"867","Hyaenictitherium_namaquensis","species"
"868","Hyaenictitherium_parvum","species"
"869","Hyaenictitherium_pilgrimi","species"
"870","Hyaenictitherium_wongii","species"
"871","Ictitherium_ebu","species"
"872","Ictitherium","genus"
"873","Ictitherium_iberium","species"
"874","Ictitherium_intuberculatum","species"
"875","Ictitherium_kurteni","species"
"876","Ictitherium_pannonicum","species"
"877","Ictitherium_tauricum","species"
"878","Ictitherium_viverrinum","species"
"879","Lycyaena","genus"
"880","Lycyaena_choeretis","species"
"881","Lycyaena_dubia","species"
"882","Lycyaena_macrostoma","species"
"883","Lycyaenops_rhomboideae","species"
"884","Lycyaenops_silberbergi","species"
"885","Metahyaena_confector","species"
"886","Miohyaenotherium_bessarabicum","species"
"887","Pachycrocuta_brevirostris","species"
"888","Pachycrocuta","genus"
"889","Palinhyena_reperta","species"
"890","Parahyaena_brunnea","species"
"891","Parahyaena_howelli","species"
"892","Pliocrocuta_perrieri","species"
"893","Pliocrocuta","genus"
"894","Plioviverrops_faventinus","species"
"895","Plioviverrops_gaudryi","species"
"896","Plioviverrops","genus"
"897","Plioviverrops_gervaisi","species"
"898","Plioviverrops_guerini","species"
"899","Plioviverrops_orbignyi","species"
"900","Proteles_amplidentus","species"
"901","Proteles","genus"
"902","Protictitherium_aegaeum","species"
"903","Protictitherium_cingulatum","species"
"904","Protictitherium_crassum","species"
"905","Protictitherium_csakvarense","species"
"906","Protictitherium_gaillardi","species"
"907","Protictitherium","genus"
"908","Protictitherium_intermedium","species"
"909","Protictitherium_llopisi","species"
"910","Protictitherium_punixum","species"
"911","Protictitherium_sumegense","species"
"912","Protictitherium_thessalonikensis","species"
"913","Thalassictis_certa","species"
"914","Thalassictis","genus"
"915","Thalassictis_montadai","species"
"916","Thalassictis_proava","species"
"917","Thalassictis_robusta","species"
"918","Thalassictis_sarmatica","species"
"919","Thalassictis_spelaea","species"
"920","Tongxinictis_primordialis","species"
"921","Tungurictis_spocki","species"
"922","Werdelinus_africanus","species"
"923","Brachyopsigale_dubius","species"
"924","Brachyprotoma_obtusata","species"
"925","Buisnictis_breviramus","species"
"926","Buisnictis_burrowsi","species"
"927","Buisnictis","genus"
"928","Buisnictis_meadensis","species"
"929","Buisnictis_metabatos","species"
"930","Conepatus_chinga","species"
"931","Conepatus","genus"
"932","Conepatus_leuconotus","species"
"933","Conepatus_sanmiguelensis","species"
"934","Conepatus_semistriatus","species"
"935","Martinogale_alveodens","species"
"936","Martinogale_chisoensis","species"
"937","Martinogale_faulli","species"
"938","Martinogale","genus"
"939","Martinogale_nambiana","species"
"940","Mephitis_mephitis","species"
"941","Mephitis","genus"
"942","Mesomephitis_medius","species"
"943","Miomephitis_pilgrimi","species"
"944","Nannomephitis_crassidens","species"
"945","Osmotherium_spelaeum","species"
"946","Plesiomeles_cajali","species"
"947","Pliogale_furlongi","species"
"948","Pliogale","genus"
"949","Pliogale_manka","species"
"950","Promephitis_alexeevi","species"
"951","Promephitis_brevirostris","species"
"952","Promephitis","genus"
"953","Promephitis_hootoni","species"
"954","Promephitis_lartetii","species"
"955","Promephitis_maeotica","species"
"956","Promephitis_maxima","species"
"957","Promephitis_parvus","species"
"958","Promephitis_pristinidens","species"
"959","Promephitis_qinensis","species"
"960","Promephitis _majori","species"
"961","Promephitis _malustenensis","species"
"962","Spilogale","genus"
"963","Spilogale_microdens","species"
"964","Spilogale_putorius","species"
"965","Spilogale_rexroadi","species"
"966","Dawsonicyon_isami","species"
"967","Dormaalocyon_latouri","species"
"968","Eogale_parydros","species"
"969","Gracilocyon_rosei","species"
"970","Gracilocyon_rundlei","species"
"971","Gracilocyon_solei","species"
"972","Gracilocyon_winkleri","species"
"973","Messelogale_kessleri","species"
"974","Miacis_deutschi","species"
"975","Miacis_exiguus","species"
"976","Miacis","genus"
"977","Miacis_gracilis","species"
"978","Miacis_hookwayi","species"
"979","Miacis_igniculus","species"
"980","Miacis_invictus","species"
"981","Miacis_latidens","species"
"982","Miacis_medius","species"
"983","Miacis_parvivorus","species"
"984","Miacis_petilus","species"
"985","Miacis_sylvestris","species"
"986","Miacis_uintensis","species"
"987","Miacis_washakius","species"
"988","Miocyon","genus"
"989","Miocyon_magnus","species"
"990","Miocyon_major","species"
"991","Miocyon_scotti","species"
"992","Miocyon_uintensis","species"
"993","Miocyon_vallisrubrae","species"
"994","Oodectes","genus"
"995","Oodectes_herpestoides","species"
"996","Oodectes_jepseni","species"
"997","Palaearctonyx_meadi","species"
"998","Paramiacis_exilis","species"
"999","Paramiacis_teilharti","species"
"1000","Paroodectes_feisti","species"
"1001","Procynodictis","genus"
"1002","Procynodictis_progressus","species"
"1003","Procynodictis_vulpiceps","species"
"1004","Prodaphaenus_scotti","species"
"1005","Prohesperocyon_wilsoni","species"
"1006","Quercygale_angustidens","species"
"1007","Quercygale_hastingsiae","species"
"1008","Quercygale_helvetica","species"
"1009","Quercygale_smithi","species"
"1010","Simamphicyon_helveticus","species"
"1011","Tapocyon_robustus","species"
"1012","Tapocyon","genus"
"1013","Uintacyon_acutus","species"
"1014","Uintacyon_asodes","species"
"1015","Uintacyon_bathygnathus","species"
"1016","Uintacyon_edax","species"
"1017","Uintacyon","genus"
"1018","Uintacyon_gingerichi","species"
"1019","Uintacyon_hookeri","species"
"1020","Uintacyon_jugulans","species"
"1021","Uintacyon_massetericus","species"
"1022","Uintacyon_pugnax","species"
"1023","Uintacyon_rudis","species"
"1024","Uintacyon_vorax","species"
"1025","Vassacyon_bowni","species"
"1026","Vassacyon","genus"
"1027","Vassacyon_prieuri","species"
"1028","Vassacyon_promicrodon","species"
"1029","Vassacyon_taxidiotis","species"
"1030","Vulpavus_australis","species"
"1031","Vulpavus_canavus","species"
"1032","Vulpavus_farsonensis","species"
"1033","Vulpavus","genus"
"1034","Vulpavus_hargeri","species"
"1035","Vulpavus_ovatus","species"
"1036","Vulpavus_palustris","species"
"1037","Vulpavus_profectus","species"
"1038","Xinyuictis_lushiensis","species"
"1039","Xinyuictis_tenius","species"
"1040","Xinyuictis_thailandicus","species"
"1041","Zodiocyon_zetesios","species"
"1042","Algarolutra_majori","species"
"1043","Anatolictis_laevicaninus","species"
"1044","Aonyx_capensis","species"
"1045","Aonyx","genus"
"1046","Aonyx_cinerea","species"
"1047","Aonyx_indicus","species"
"1048","Arctomeles_dimolodontus","species"
"1049","Arctomeles_ferus","species"
"1050","Arctomeles_gennevauxi","species"
"1051","Arctomeles","genus"
"1052","Arctomeles_pliocaenicus","species"
"1053","Arctomeles_sotnikovae","species"
"1054","Arctomeles_suillus","species"
"1055","Arctonyx_collaris","species"
"1056","Arctonyx","genus"
"1057","Baranogale_adroveri","species"
"1058","Baranogale_balkanica","species"
"1059","Baranogale","genus"
"1060","Baranogale_helbingi","species"
"1061","Brachypsalis","genus"
"1062","Brachypsalis_hyaenoides","species"
"1063","Brachypsalis_matutinus","species"
"1064","Brachypsalis_modicus","species"
"1065","Brachypsalis_pachycephalus","species"
"1066","Cernictis","genus"
"1067","Cernictis_hesperus","species"
"1068","Cernictis_repenningi","species"
"1069","Chamitaxus_avitus","species"
"1070","Craterogale_simus","species"
"1071","Cyrnaonyx_antiqua","species"
"1072","Dinogale_siouxensis","species"
"1073","Djourabus_dabba","species"
"1074","Eirictis_robusta","species"
"1075","Ekorus_ekakoran","species"
"1076","Enhydra_lutris","species"
"1077","Enhydra","genus"
"1078","Enhydra_reevei","species"
"1079","Enhydrictis_ardea","species"
"1080","Enhydrictis_galictoides","species"
"1081","Enhydrictis","genus"
"1082","Enhydriodon_afman","species"
"1083","Enhydriodon_dikikae","species"
"1084","Enhydriodon_falconeri","species"
"1085","Enhydriodon","genus"
"1086","Enhydriodon_sivalensis","species"
"1087","Enhydritherium","genus"
"1088","Enhydritherium_terraenovae","species"
"1089","Eomellivora_fricki","species"
"1090","Eomellivora","genus"
"1091","Eomellivora_hungarica","species"
"1092","Eomellivora_piveteaui","species"
"1093","Eomellivora_tugenensis","species"
"1094","Eomellivora_ursogulo","species"
"1095","Eomellivora_wimani","species"
"1096","Erokomellivora_lothagamensis","species"
"1097","Ferinestrix_rapax","species"
"1098","Ferinestrix_vorax","species"
"1099","Grivamephitis_meini","species"
"1100","Grivamephitis_pusilla","species"
"1101","Gulo_gulo","species"
"1102","Gulo","genus"
"1103","Hoplictis_anatolicus","species"
"1104","Hoplictis_florancei","species"
"1105","Hoplictis","genus"
"1106","Hoplictis_grangerensis","species"
"1107","Hoplictis_noueli","species"
"1108","Howellictis_valentini","species"
"1109","Hydrictis_maculicollis","species"
"1110","Iberictis_azanzae","species"
"1111","Iberictis_buloti","species"
"1112","Ictonyx_libycus","species"
"1113","Ictonyx_striatus","species"
"1114","Ischyrictis_bezaniensis","species"
"1115","Ischyrictis","genus"
"1116","Ischyrictis_helbingi","species"
"1117","Ischyrictis_petteri","species"
"1118","Ischyrictis_zibethoides","species"
"1119","Kinometaxia_guangpui","species"
"1120","Laphictis_mustelinus","species"
"1121","Laphictis_vorax","species"
"1122","Lartetictis_dubia","species"
"1123","Leptarctus_ancipidens","species"
"1124","Leptarctus_bozemanensis","species"
"1125","Leptarctus_desuii","species"
"1126","Leptarctus","genus"
"1127","Leptarctus_kansasensis","species"
"1128","Leptarctus_martini","species"
"1129","Leptarctus_mummorum","species"
"1130","Leptarctus_neimenguensis","species"
"1131","Leptarctus_oregonensis","species"
"1132","Leptarctus_primus","species"
"1133","Leptarctus_progressus","species"
"1134","Leptarctus_supremus","species"
"1135","Leptarctus_timmi","species"
"1136","Leptarctus_webbi","species"
"1137","Leptarctus_woodburnei","species"
"1138","Leptarctus_wortmani","species"
"1139","Limnonyx","genus"
"1140","Limnonyx_pontica","species"
"1141","Limnonyx_sinerizi","species"
"1142","Lontra_canadensis","species"
"1143","Lontra","genus"
"1144","Lontra_weiri","species"
"1145","Lutra_affinis","species"
"1146","Lutra_aonychoides","species"
"1147","Lutra_castiglionis","species"
"1148","Lutra_euxena","species"
"1149","Lutra_fatimazohrae","species"
"1150","Lutra","genus"
"1151","Lutra_libyca","species"
"1152","Lutra_licenti","species"
"1153","Lutra_lutra","species"
"1154","Lutra_palaeindica","species"
"1155","Lutra_simplicidens","species"
"1156","Lutra_sumatrana","species"
"1157","Lutraeximia_trinacriae","species"
"1158","Lutraeximia_umbra","species"
"1159","Lutravus_halli","species"
"1160","Lutrogale_cretensis","species"
"1161","Lutrogale_palaeoleptonyx","species"
"1162","Lutrogale_perspicillata","species"
"1163","Marcetia_santigae","species"
"1164","Martes_americana","species"
"1165","Martes_andersoni","species"
"1166","Martes_basilii","species"
"1167","Martes_burdigaliensis","species"
"1168","Martes_cadeoti","species"
"1169","Martes_collongensis","species"
"1170","Martes_delphinensis","species"
"1171","Martes_diluviana","species"
"1172","Martes_filholi","species"
"1173","Martes_flavigula","species"
"1174","Martes_foina","species"
"1175","Martes","genus"
"1176","Martes_glareae","species"
"1177","Martes_jaegeri","species"
"1178","Martes_khelifensis","species"
"1179","Martes_laevidens","species"
"1180","Martes_lefkonensis","species"
"1181","Martes_martes","species"
"1182","Martes_mellibulla","species"
"1183","Martes_munki","species"
"1184","Martes_occulta","species"
"1185","Martes_oregonensis","species"
"1186","Martes_paleosinensis","species"
"1187","Martes_pennanti","species"
"1188","Martes_sainjoni","species"
"1189","Martes_sansaniensis","species"
"1190","Martes_stirtoni","species"
"1191","Martes_wenzensis","species"
"1192","Martes_woodwardi","species"
"1193","Martes_zibellina","species"
"1194","Megalenhydris_barbaricina","species"
"1195","Megalictis_ferox","species"
"1196","Megalictis_frazieri","species"
"1197","Megalictis","genus"
"1198","Megalictis_petersoni","species"
"1199","Megalictis_simplicidens","species"
"1200","Meles_chiai","species"
"1201","Meles_dimitrius","species"
"1202","Meles","genus"
"1203","Meles_hollitzeri","species"
"1204","Meles_iberica","species"
"1205","Meles_leucurus","species"
"1206","Meles_meles","species"
"1207","Meles_teilhardi","species"
"1208","Meles_thorali","species"
"1209","Mellalictis_mellalensis","species"
"1210","Mellivora_capensis","species"
"1211","Mellivora","genus"
"1212","Melodon_majori","species"
"1213","Melodon","genus"
"1214","Melogale","genus"
"1215","Melogale_orientalis","species"
"1216","Miomustela","genus"
"1217","Miomustela_madisonae","species"
"1218","Mionictis_angustidens","species"
"1219","Mionictis_artenensis","species"
"1220","Mionictis_dubia","species"
"1221","Mionictis_elegans","species"
"1222","Mionictis","genus"
"1223","Mionictis_incertus","species"
"1224","Mionictis_letifer","species"
"1225","Mionictis_pristinus","species"
"1226","Mustela_altaica","species"
"1227","Mustela_erminea","species"
"1228","Mustela_eversmanii","species"
"1229","Mustela_frenata","species"
"1230","Mustela","genus"
"1231","Mustela_jacksoni","species"
"1232","Mustela_kathiah","species"
"1233","Mustela_leporinum","species"
"1234","Mustela_majori","species"
"1235","Mustela_meltoni","species"
"1236","Mustela_nigripes","species"
"1237","Mustela_nivalis","species"
"1238","Mustela_nudipes","species"
"1239","Mustela_palaeattica","species"
"1240","Mustela_palaeosinensis","species"
"1241","Mustela_pliocaenica","species"
"1242","Mustela_putorius","species"
"1243","Mustela_rexroadensis","species"
"1244","Mustela_sibirica","species"
"1245","Mustela_stromeri","species"
"1246","Namibictis_senuti","species"
"1247","Neovison_vison","species"
"1248","Oligobunis_crassivultus","species"
"1249","Oligobunis_floridanus","species"
"1250","Oligobunis","genus"
"1251","Palaeomeles_pachecoi","species"
"1252","Paludolutra_campanii","species"
"1253","Paludolutra_lluecai","species"
"1254","Pannonictis","genus"
"1255","Pannonictis_nestii","species"
"1256","Pannonictis_pachygnatha","species"
"1257","Pannonictis_pliocaenica","species"
"1258","Paralutra_garganensis","species"
"1259","Paralutra","genus"
"1260","Paralutra_jaegeri","species"
"1261","Paralutra_transdanubica","species"
"1262","Parataxidea_crassa","species"
"1263","Parataxidea","genus"
"1264","Parataxidea_maraghana","species"
"1265","Parataxidea_sinensis","species"
"1266","Plesiogulo_botori","species"
"1267","Plesiogulo_brachygnathus","species"
"1268","Plesiogulo_crassa","species"
"1269","Plesiogulo","genus"
"1270","Plesiogulo_lindsayi","species"
"1271","Plesiogulo_marshalli","species"
"1272","Plesiogulo_monspessulanus","species"
"1273","Plesiogulo_praecocidens","species"
"1274","Plionictis_buwaldi","species"
"1275","Plionictis_gazini","species"
"1276","Plionictis","genus"
"1277","Plionictis_kinseyi","species"
"1278","Plionictis_oaxacaensis","species"
"1279","Plionictis_ogygia","species"
"1280","Plionictis_oregonensis","species"
"1281","Plionictis_parviloba","species"
"1282","Pliotaxidea_garberi","species"
"1283","Pliotaxidea","genus"
"1284","Pliotaxidea_nevadensis","species"
"1285","Poecilogale","genus"
"1286","Polgardia_pannonica","species"
"1287","Prepoecilogale_bolti","species"
"1288","Promartes_darbyi","species"
"1289","Promartes_gemmarosae","species"
"1290","Promartes","genus"
"1291","Promartes_lepidus","species"
"1292","Promeles","genus"
"1293","Promeles_macedonicus","species"
"1294","Promeles_palaeattica","species"
"1295","Proputorius","genus"
"1296","Proputorius_lufengensis","species"
"1297","Proputorius_minimus","species"
"1298","Proputorius_pusillus","species"
"1299","Proputorius_sansaniensis","species"
"1300","Proputorius_yaogouensis","species"
"1301","Pteronura_brasiliensis","species"
"1302","Sabadellictis","genus"
"1303","Sabadellictis_crusafonti","species"
"1304","Sardolutra_ichnusae","species"
"1305","Satherium_piscinarium","species"
"1306","Satherium","genus"
"1307","Schultzogale_inexpecta ","species"
"1308","Siamogale_thailandica","species"
"1309","Sivanasua","genus"
"1310","Sivanasua_moravica","species"
"1311","Sivanasua_viverroides","species"
"1312","Sivaonyx_africanus","species"
"1313","Sivaonyx_bathygnathus","species"
"1314","Sivaonyx_beyi","species"
"1315","Sivaonyx_ekecaman","species"
"1316","Sivaonyx_gandakasensis","species"
"1317","Sivaonyx","genus"
"1318","Sivaonyx_hessicus","species"
"1319","Sivaonyx_kamuhangirei","species"
"1320","Sivaonyx_senutae","species"
"1321","Sivaonyx_soriae","species"
"1322","Sminthosinis","genus"
"1323","Sminthosinis_bowleri","species"
"1324","Sthenictis_bellus","species"
"1325","Sthenictis_campestris","species"
"1326","Sthenictis_dolichops","species"
"1327","Sthenictis","genus"
"1328","Sthenictis_junturensis","species"
"1329","Sthenictis_lacota","species"
"1330","Sthenictis_neimengguensis","species"
"1331","Sthenictis_robustus","species"
"1332","Taxidea","genus"
"1333","Taxidea_mexicana","species"
"1334","Taxidea_taxus","species"
"1335","Taxodon","genus"
"1336","Taxodon_hessicum","species"
"1337","Taxodon_sansaniensis","species"
"1338","Tisisthenes_parvus","species"
"1339","Torolutra_angololensis","species"
"1340","Torolutra_ougandensis","species"
"1341","Torolutra","genus"
"1342","Trigonictis_cookii","species"
"1343","Trigonictis","genus"
"1344","Trigonictis_macrodon","species"
"1345","Trocharion_albanense","species"
"1346","Trocharion","genus"
"1347","Trochotherium","genus"
"1348","Trochotherium_cyamoides","species"
"1349","Tyrrhenolutra_helbingi","species"
"1350","Vishnuonyx_chinjiensis","species"
"1351","Vormela","genus"
"1352","Vormela_peregusna","species"
"1353","Vormela_petenyii","species"
"1354","Zodiolestes_daimonelixensis","species"
"1355","Zodiolestes_freundi","species"
"1356","Zodiolestes","genus"
"1357","Arikarictis_chapini","species"
"1358","Bathygale_lemanensis","species"
"1359","Brevimalictis_chikasha","species"
"1360","Circamustela","genus"
"1361","Circamustela_dechaseauxi","species"
"1362","Franconictis_vireti","species"
"1363","Gaillardina_transitoria","species"
"1364","Legionarictis_fortidens","species"
"1365","Luogale_rusingensis","species"
"1366","Matanomictis_maniyarensis","species"
"1367","Mustelavus","genus"
"1368","Mustelavus_priscus","species"
"1369","Mustelictis _olivieri","species"
"1370","Mustelictis _piveteaui","species"
"1371","Negodiaetictis_rugatrulleum","species"
"1372","Paragale_huerzeleri","species"
"1373","Paramartes_pococki","species"
"1374","Plesiogale_angustifrons","species"
"1375","Plesiogale_postfelina","species"
"1376","Rhodanictis_depereti","species"
"1377","Rhodanictis","genus"
"1378","Sinictis_dolicognathus","species"
"1379","Trochictis_artenensis","species"
"1380","Trochictis_carbonaria","species"
"1381","Trochictis","genus"
"1382","Trochictis_narcisoi","species"
"1383","Dinaelurus_crassus","species"
"1384","Dinailurictis _bonali","species"
"1385","Dinictis_felina","species"
"1386","Dinictis","genus"
"1387","Eofelis","genus"
"1388","Eofelis _edwardsii","species"
"1389","Eofelis _giganteus","species"
"1390","Hoplophoneus_bidentatus","species"
"1391","Hoplophoneus_cerebralis","species"
"1392","Hoplophoneus","genus"
"1393","Hoplophoneus_mentalis","species"
"1394","Hoplophoneus_occidentalis","species"
"1395","Hoplophoneus_primaevus","species"
"1396","Hoplophoneus_sicarius","species"
"1397","Hoplophoneus_villebramarensis","species"
"1398","Maofelis_cantonensis","species"
"1399","Nanosmilus_kurteni","species"
"1400","Nimravus_brachyops","species"
"1401","Nimravus","genus"
"1402","Nimravus_intermedius","species"
"1403","Pogonodon_davisi","species"
"1404","Pogonodon","genus"
"1405","Pogonodon_platycopis","species"
"1406","Quercylurus_major","species"
"1407","Aivukus_cedrosensis","species"
"1408","Archaeodobenus_akamatsui","species"
"1409","Brachyallodesmus_packardi","species"
"1410","Dusignathus","genus"
"1411","Dusignathus_santacruzensis","species"
"1412","Dusignathus_seftoni","species"
"1413","Gomphotaria_pugnax","species"
"1414","Imagotaria_downsi","species"
"1415","Imagotaria","genus"
"1416","Kamtschatarctos_sinelnikovae","species"
"1417","Neotherium","genus"
"1418","Neotherium_mirum","species"
"1419","Odobenus","genus"
"1420","Odobenus_mandanoensis","species"
"1421","Odobenus_rosmarus","species"
"1422","Ontocetus_emmonsi","species"
"1423","Ontocetus","genus"
"1424","Pelagiarctos","genus"
"1425","Pelagiarctos_thomasi","species"
"1426","Pliopedia_pacifica","species"
"1427","Pontolis","genus"
"1428","Pontolis_magnus","species"
"1429","Proneotherium_repenningi","species"
"1430","Protodobenus_japonicus","species"
"1431","Prototaria_planicephala","species"
"1432","Prototaria_primigena","species"
"1433","Pseudotaria_muramotoi","species"
"1434","Valenictus_chulavistensis","species"
"1435","Valenictus","genus"
"1436","Valenictus_imperialensis","species"
"1437","Arctocephalus_forsteri","species"
"1438","Arctocephalus_gazella","species"
"1439","Arctocephalus","genus"
"1440","Arctocephalus_pusillus","species"
"1441","Arctocephalus_townsendi","species"
"1442","Callorhinus","genus"
"1443","Callorhinus_gilmorei","species"
"1444","Callorhinus_ursinus","species"
"1445","Eotaria_crypta","species"
"1446","Eumetopias","genus"
"1447","Eumetopias_jubatus","species"
"1448","Eumetopias_kishidai","species"
"1449","Eumetopias_ojiyaensis","species"
"1450","Hydrarctos_lomasiensis","species"
"1451","Neophoca_cinerea","species"
"1452","Neophoca_palatina","species"
"1453","Oriensarctos_watasei","species"
"1454","Otaria_byronia","species"
"1455","Otaria","genus"
"1456","Phocarctos_hookeri","species"
"1457","Pithanotaria_starri","species"
"1458","Pithanotaria","genus"
"1459","Proterozetes_ulysses","species"
"1460","Thalassoleon_inouei","species"
"1461","Thalassoleon_macnallyae","species"
"1462","Thalassoleon_mexicanus","species"
"1463","Zalophus_californianus","species"
"1464","Zalophus","genus"
"1465","Zalophus_japonicus","species"
"1466","Lycophocyon_hutchisoni","species"
"1467","Palaeogale_dorothiae","species"
"1468","Palaeogale","genus"
"1469","Palaeogale_hyaenoides","species"
"1470","Palaeogale_minuta_Eurasia","species"
"1471","Palaeogale_minuta_NorthAmerica","species"
"1472","Palaeogale_praehyaenoides","species"
"1473","Palaeogale_sanguinarius","species"
"1474","Palaeogale_sectoria_Eurasia","species"
"1475","Palaeogale_sectoria_NorthAmerica","species"
"1476","Ambloctonus_hyaenoides","species"
"1477","Ambloctonus_major","species"
"1478","Ambloctonus_priscus","species"
"1479","Ambloctonus_sinosus","species"
"1480","Apataelurus_kayi","species"
"1481","Dipsalidictis_aequidens","species"
"1482","Dipsalidictis","genus"
"1483","Dipsalidictis_krausei","species"
"1484","Dipsalidictis_platypus","species"
"1485","Dipsalidictis_transiens","species"
"1486","Dipsalodon_churchillorum","species"
"1487","Dipsalodon","genus"
"1488","Dipsalodon_matthewi","species"
"1489","Machaeroides_eothen","species"
"1490","Machaeroides_simpsoni","species"
"1491","Malfelis_badwaterensis","species"
"1492","Oxyaena_forcipata","species"
"1493","Oxyaena","genus"
"1494","Oxyaena_gulo","species"
"1495","Oxyaena_intermedia","species"
"1496","Oxyaena_lupina","species"
"1497","Oxyaena_pardalis","species"
"1498","Oxyaena_simpsoni","species"
"1499","Oxyaena_woutersi","species"
"1500","Palaeonictis","genus"
"1501","Palaeonictis_gigantea","species"
"1502","Palaeonictis_occidentalis","species"
"1503","Palaeonictis_peloria","species"
"1504","Palaeonictis_wingi","species"
"1505","Patriofelis_ferox","species"
"1506","Patriofelis","genus"
"1507","Patriofelis_ulta","species"
"1508","Protopsalis_tigrinus","species"
"1509","Sarkastodon_mongoliensis","species"
"1510","Tytthaena_lichna","species"
"1511","Tytthaena_parrisi","species"
"1512","Dinocrocuta_algeriensis","species"
"1513","Dinocrocuta","genus"
"1514","Dinocrocuta_gigantea","species"
"1515","Dinocrocuta_robusta","species"
"1516","Dinocrocuta_salonicae","species"
"1517","Dinocrocuta_senyureki","species"
"1518","Percrocuta_abessalomi","species"
"1519","Percrocuta_carnifex","species"
"1520","Percrocuta","genus"
"1521","Percrocuta_leakeyi","species"
"1522","Percrocuta_miocenica","species"
"1523","Percrocuta_tobieni","species"
"1524","Percrocuta_tungurensis","species"
"1525","Acrophoca","genus"
"1526","Acrophoca_longirostris","species"
"1527","Afrophoca_libyca","species"
"1528","Australophoca_changorum","species"
"1529","Batavipusa_neerlandica","species"
"1530","Cryptophoca_maeotica","species"
"1531","Cystophora_cristata","species"
"1532","Devinophoca_claytoni","species"
"1533","Devinophoca_emryi","species"
"1534","Erignathus_barbatus","species"
"1535","Gryphoca_nordica","species"
"1536","Gryphoca_similis","species"
"1537","Hadrokirus_martini","species"
"1538","Halichoerus_grypus","species"
"1539","Histriophoca_fasciata","species"
"1540","Homiphoca_capensis","species"
"1541","Hydrurga_leptonyx","species"
"1542","Hydrurga","genus"
"1543","Kawas_benegasorum","species"
"1544","Leptonychotes_weddellii","species"
"1545","Leptophoca_amphiatlantica","species"
"1546","Leptophoca","genus"
"1547","Leptophoca_lenis","species"
"1548","Lobodon_carcinophaga","species"
"1549","Messiphoca_mauretanica","species"
"1550","Miophoca_vetusta","species"
"1551","Mirounga_angustirostris","species"
"1552","Mirounga_leonina","species"
"1553","Mirounga","genus"
"1554","Monachopsis_pontica","species"
"1555","Monachus_monachus","species"
"1556","Monotherium_gaudini","species"
"1557","Monotherium","genus"
"1558","Monotherium_wymani","species"
"1559","Neomonachus_schauinslandi","species"
"1560","Neomonachus_tropicalis","species"
"1561","Ommatophoca_rossii","species"
"1562","Pachyphoca_chapskii","species"
"1563","Pachyphoca_ukrainica","species"
"1564","Pagophilus_groenlandicus","species"
"1565","Palmidophoca_callirhoe","species"
"1566","Palmidophoca_chrysar","species"
"1567","Phoca_bessarabica","species"
"1568","Phoca","genus"
"1569","Phoca_largha","species"
"1570","Phoca_moori","species"
"1571","Phoca_novorossica","species"
"1572","Phoca_vitulina","species"
"1573","Phoca_vitulinoides","species"
"1574","Phocanella_couffoni","species"
"1575","Phocanella","genus"
"1576","Phocanella_pumila","species"
"1577","Piscophoca_pacifica","species"
"1578","Platyphoca_danica","species"
"1579","Platyphoca_vulgaris","species"
"1580","Pliophoca_etrusca","species"
"1581","Pontophoca_jutlandica","species"
"1582","Pontophoca_sarmatica","species"
"1583","Praepusa_boeska","species"
"1584","Praepusa_magyaricus","species"
"1585","Praepusa_pannonica","species"
"1586","Praepusa_vindobonensis","species"
"1587","Pusa_hispida","species"
"1588","Pusa_sibirica","species"
"1589","Sarmatonectes_sintsovi","species"
"1590","Prionodon","genus"
"1591","Acheronictis_webbi","species"
"1592","Amphinasua_brevirostris","species"
"1593","Amphinasua_groeberi","species"
"1594","Amphinasua_lutaria","species"
"1595","Amphinasua_pascuali","species"
"1596","Arctonasua_eurybates","species"
"1597","Arctonasua_floridana","species"
"1598","Arctonasua_fricki","species"
"1599","Arctonasua","genus"
"1600","Arctonasua_gracilis","species"
"1601","Arctonasua_minima","species"
"1602","Bassaricyonoides_phyllismillerae","species"
"1603","Bassaricyonoides_stewartae","species"
"1604","Bassariscus_antiquus","species"
"1605","Bassariscus_astutus","species"
"1606","Bassariscus_casei","species"
"1607","Bassariscus","genus"
"1608","Bassariscus_minimus","species"
"1609","Bassariscus_ogallalae","species"
"1610","Bassariscus_parvus","species"
"1611","Broiliana_dehmi","species"
"1612","Broiliana","genus"
"1613","Broiliana_nobilis","species"
"1614","Chapalmalania_alteafrontis","species"
"1615","Chapalmalania_ortognatha","species"
"1616","Cyonasua_argentina","species"
"1617","Cyonasua","genus"
"1618","Edaphocyon","genus"
"1619","Edaphocyon_lautus","species"
"1620","Edaphocyon_palmeri","species"
"1621","Edaphocyon_pointblankensis","species"
"1622","Nasua","genus"
"1623","Nasua_pronarica","species"
"1624","Paranasua","genus"
"1625","Paranasua_biradica","species"
"1626","Parapotos_tedfordi","species"
"1627","Plesictis_dieupentalensis","species"
"1628","Plesictis_genetoides","species"
"1629","Plesictis","genus"
"1630","Plesictis_humilidens","species"
"1631","Plesictis_julieni","species"
"1632","Plesictis_laugnacensis","species"
"1633","Plesictis_mayri","species"
"1634","Plesictis_milloquensis","species"
"1635","Plesictis_palustris","species"
"1636","Plesictis_stenoplesictoides","species"
"1637","Probassariscus_matthewi","species"
"1638","Probassariscus","genus"
"1639","Procyon","genus"
"1640","Procyon_lotor","species"
"1641","Procyon_rexroadensis","species"
"1642","Protoprocyon_savagei","species"
"1643","Pseudobassaris_riggsi","species"
"1644","Stromeriella_depressa","species"
"1645","Stromeriella_franconica","species"
"1646","Pinnarctidion_bishopi","species"
"1647","Pinnarctidion_rayi","species"
"1648","Africanictis_hyaenoides","species"
"1649","Africanictis_meini","species"
"1650","Africanictis_schmidtkittleri","species"
"1651","Alagtsavbaatar_indigenus","species"
"1652","Anictis_simplicidens","species"
"1653","Asiavorator","genus"
"1654","Asiavorator_gracilis","species"
"1655","Moghradictis_nedjema","species"
"1656","Palaeoprionodon","genus"
"1657","Shandgolictis_constans","species"
"1658","Shandgolictis_elegans","species"
"1659","Stenogale_brevidens","species"
"1660","Stenogale_intermedia","species"
"1661","Stenogale_julieni","species"
"1662","Stenoplesictis_cayluxi","species"
"1663","Stenoplesictis_crocheti","species"
"1664","Stenoplesictis","genus"
"1665","Stenoplesictis_muhoronii","species"
"1666","Adelpharctos_ginsburgi","species"
"1667","Adelpharctos_mirus","species"
"1668","Agriarctos_depereti","species"
"1669","Agriarctos_gaali","species"
"1670","Agriarctos_vighi","species"
"1671","Agriotherium_africanum","species"
"1672","Agriotherium","genus"
"1673","Agriotherium_inexpetans","species"
"1674","Agriotherium_insigne","species"
"1675","Agriotherium_myanmarensis","species"
"1676","Agriotherium_schneideri","species"
"1677","Agriotherium_sivalenis","species"
"1678","Ailurarctos_lufengensis","species"
"1679","Ailurarctos","genus"
"1680","Ailuropoda_melanoleuca","species"
"1681","Ailuropoda","genus"
"1682","Arctodus","genus"
"1683","Arctodus_pristinus","species"
"1684","Arctodus_simus","species"
"1685","Arctotherium_angustidens","species"
"1686","Arctotherium_bonariense","species"
"1687","Arctotherium","genus"
"1688","Arctotherium_tarijense","species"
"1689","Arctotherium_vetustum","species"
"1690","Arctotherium_wingei","species"
"1691","Ballusia_elmensis","species"
"1692","Ballusia_hareni","species"
"1693","Ballusia_orientalis","species"
"1694","Cephalogale","genus"
"1695","Cephalogale_geoffroyi","species"
"1696","Cephalogale_gergoviensis","species"
"1697","Cephalogale_ginesticus","species"
"1698","Cephalogale_shareri","species"
"1699","Cyonarctos_dessei","species"
"1700","Dinocyon","genus"
"1701","Dinocyon_thenardi","species"
"1702","Filholictis_filholi","species"
"1703","Helarctos_malayanus","species"
"1704","Hemicyon_barbouri","species"
"1705","Hemicyon_gargan","species"
"1706","Hemicyon","genus"
"1707","Hemicyon_goeriachensis","species"
"1708","Hemicyon_mayorali","species"
"1709","Hemicyon_sansaniensis","species"
"1710","Hemicyon_stehlini","species"
"1711","Indarctos_anthracitis","species"
"1712","Indarctos","genus"
"1713","Indarctos_arctoides","species"
"1714","Indarctos_oregonensis","species"
"1715","Indarctos_punjabiensis","species"
"1716","Indarctos_vireti","species"
"1717","Indarctos_zdanskyi","species"
"1718","Kretzoiarctos_beatrix","species"
"1719","Melursus","genus"
"1720","Melursus_ursinus","species"
"1721","Phoberocyon_akhmetievi","species"
"1722","Phoberocyon_aurelianensis","species"
"1723","Phoberocyon_hurzeleri","species"
"1724","Phoberocyon_johnhenryi","species"
"1725","Phoberocyon_teilhardi","species"
"1726","Phoberocyon_youngi","species"
"1727","Phoberogale_bonali","species"
"1728","Phoberogale_depereti","species"
"1729","Phoberogale_gracile","species"
"1730","Phoberogale_minor","species"
"1731","Plionarctos_edensis","species"
"1732","Plionarctos","genus"
"1733","Plionarctos_harroldorum","species"
"1734","Plithocyon_antunesi","species"
"1735","Plithocyon_armagnacensis","species"
"1736","Plithocyon_barstowensis","species"
"1737","Plithocyon_bruneti","species"
"1738","Plithocyon_conquense","species"
"1739","Plithocyon","genus"
"1740","Plithocyon_ursinus","species"
"1741","Tremarctos_floridanus","species"
"1742","Tremarctos","genus"
"1743","Ursavus_brevirhinus","species"
"1744","Ursavus_ehrenbergi","species"
"1745","Ursavus","genus"
"1746","Ursavus_intermedius","species"
"1747","Ursavus_isorei","species"
"1748","Ursavus_pawniensis","species"
"1749","Ursavus_primaevus","species"
"1750","Ursavus_sylvestris","species"
"1751","Ursavus_tedfordi","species"
"1752","Ursus_americanus","species"
"1753","Ursus_angustidens","species"
"1754","Ursus_arctos","species"
"1755","Ursus_boeckhi","species"
"1756","Ursus_etruscus","species"
"1757","Ursus_footei","species"
"1758","Ursus","genus"
"1759","Ursus_maritimus","species"
"1760","Ursus_minimus","species"
"1761","Ursus_namadicus","species"
"1762","Ursus_spelaeus","species"
"1763","Ursus_thibetanus","species"
"1764","Zaragocyon_daamsi","species"
"1765","Bryanictis_microlestes","species"
"1766","Bryanictis_paulus","species"
"1767","Didymictis_altidens","species"
"1768","Didymictis","genus"
"1769","Didymictis_protenus","species"
"1770","Didymictis_vancleavae","species"
"1771","Ictidopappus_mustelinus","species"
"1772","Ictidopappus","genus"
"1773","Intyrictis_vanvaleni","species"
"1774","Pappictidops_acies","species"
"1775","Pappictidops_obtusus","species"
"1776","Pappictidops_orientalis","species"
"1777","Pristinictis_connata","species"
"1778","Protictis_agastor","species"
"1779","Protictis_aprophatos","species"
"1780","Protictis_dellensis","species"
"1781","Protictis","genus"
"1782","Protictis_haydenianus","species"
"1783","Protictis_laytoni","species"
"1784","Protictis_minor","species"
"1785","Protictis_paralus","species"
"1786","Protictis_schaffi","species"
"1787","Protictis_simpsoni","species"
"1788","Raphictis_gausion","species"
"1789","Raphictis","genus"
"1790","Simpsonictis","genus"
"1791","Simpsonictis_jaynanneae","species"
"1792","Simpsonictis_pegus","species"
"1793","Simpsonictis_tenuis","species"
"1794","Viverravus_acutus","species"
"1795","Viverravus_bowni","species"
"1796","Viverravus","genus"
"1797","Viverravus_gracilis","species"
"1798","Viverravus_lutosus","species"
"1799","Viverravus_minutus","species"
"1800","Viverravus_politus","species"
"1801","Viverravus_sicarius","species"
"1802","Viverriscus_omnivorus","species"
"1803","Arctictis_binturong","species"
"1804","Arctogalidia","genus"
"1805","Civettictis_howelli","species"
"1806","Cynogale","genus"
"1807","Euboictis_aliverensis","species"
"1808","Genetta","genus"
"1809","Genetta_tigrina","species"
"1810","Hesperoviverra_carpathorum","species"
"1811","Kanuites_lewisae","species"
"1812","Kenyalutra_songhorensis","species"
"1813","Ketketictis_solida","species"
"1814","Kichechia_zamanae","species"
"1815","Legetetia_nandii","species"
"1816","Lophocyon_carpathicus","species"
"1817","Lophocyon_paraskevaidisi","species"
"1818","Mioparadoxurus_meini","species"
"1819","Mioprionodon_hodopeus","species"
"1820","Orangictis_gariepensis","species"
"1821","Paguma_larvata","species"
"1822","Paguma","genus"
"1823","Paradoxurus","genus"
"1824","Paradoxurus_hermaphroditus","species"
"1825","Pseudocivetta_ingens","species"
"1826","Sahelictis_korei","species"
"1827","Semigenetta_elegans","species"
"1828","Semigenetta","genus"
"1829","Semigenetta_grandis","species"
"1830","Semigenetta_huaiheensis","species"
"1831","Semigenetta_laugnacensis","species"
"1832","Semigenetta_mutata","species"
"1833","Semigenetta_praecurrens","species"
"1834","Semigenetta_repelini","species"
"1835","Semigenetta_ripoli","species"
"1836","Semigenetta_sansaniensis","species"
"1837","Tugenictis_ngororaensis","species"
"1838","Ugandictis_napakensis","species"
"1839","Vishnuictis_africana","species"
"1840","Vishnuictis_chinjiensis","species"
"1841","Vishnuictis_durandi","species"
"1842","Viverra_apennina","species"
"1843","Viverra_bakerii","species"
"1844","Viverra","genus"
"1845","Viverra_howeli","species"
"1846","Viverra_karnuliensis","species"
"1847","Viverra_leakeyi","species"
"1848","Viverra_pepraxti","species"
"1849","Viverra_tangalunga","species"
"1850","Viverra_zibetha","species"
"1851","Viverrictis_modica","species"
"1852","Viverrictis","genus"
"1853","Viverricula_indica","species"
